{
	"textures": {
    "glass": "minecraft:block/yellow_stained_glass",
    "side": "minecraft:block/yellow_stained_glass_pane_top",
    "particle": "minecraft:block/yellow_stained_glass"
	},
	"elements": [
		{
			"from": [0, 0, 7],
			"to": [16, 16, 9],
			"faces": {
				"north": {"uv": [0, 0, 16, 16], "texture": "#glass"},
				"east": {"uv": [7, 0, 9, 16], "texture": "#side"},
				"south": {"uv": [0, 0, 16, 16], "texture": "#glass"},
				"west": {"uv": [7, 0, 9, 16], "texture": "#side"},
				"up": {"uv": [7, 0, 9, 16], "rotation": 270, "texture": "#side"},
				"down": {"uv": [7, 0, 9, 16], "rotation": 90, "texture": "#side"}
			}
		}
	],
	"gui_light": "side",
	"display": {
		"thirdperson_righthand": {
			"rotation": [75, 135, 0],
			"translation": [0, 2.5, 0],
			"scale": [0.5, 0.5, 0.5]
		},
		"firstperson_righthand": {
			"rotation": [0, 135, 0],
			"scale": [0.4, 0.4, 0.4]
		},
		"firstperson_lefthand": {
			"rotation": [0, 135, 0],
			"scale": [0.4, 0.4, 0.4]
		},
		"ground": {
			"translation": [0, 3, 0],
			"scale": [0.5, 0.5, 0.5]
		},
		"gui": {
			"rotation": [30, 135, 0],
			"scale": [0.75, 0.75, 0.75]
		},
		"fixed": {
			"scale": [1.0, 1.0, 1.0]
		}
	}
}