{
    "music.game": {
	    "category": "music",
	    "sounds": [
		    {
			    "name": "music/game/carol-of-the-bells",
			    "stream": true
		    },
		    {
			    "name": "music/game/feliz-navidad",
			    "stream": true
		    },
          {
			    "name": "music/game/ill-be-home-for-christmas",
			    "stream": true
		    },
          {
			    "name": "music/game/oh-come-all-ye-faithfull",
			    "stream": true
		    },
          {
			    "name": "music/game/white-christmas",
			    "stream": true
		    },
		    {
			    "name": "music/game/have-yourself-a-merry-little-christmas",
			    "stream": true
		    }
	    ]
    }
}